{"cameraMode":{"drawMode":0,"name":"Shaded","section":"Shading Mode"},"sceneLighting":true,"audioPlay":false,"sceneViewState":{"showFog":true,"showMaterialUpdate":false,"showSkybox":true,"showFlares":true,"showImageEffects":true,"showParticleSystems":true},"in2DMode":false,"pivot":{"x":-1.8483855724334717,"y":24.108993530273439,"z":0.43132591247558596},"rotation":{"x":-0.6088891625404358,"y":-0.10688502341508866,"z":0.08325997740030289,"w":-0.7816147208213806},"size":37.30939483642578,"orthographic":false}